Package,LibPath,Version,Priority,Depends,Imports,LinkingTo,Suggests,Enhances,License,License_is_FOSS,License_restricts_use,OS_type,MD5sum,NeedsCompilation,Built
abind,/home/ubuntu/R/x86_64-pc-linux-gnu-library/3.2,1.4-5,NA,R (>= 1.5.0),"methods, utils",NA,NA,NA,LGPL (>= 2),NA,NA,NA,NA,no,3.2.3
acepack,/home/ubuntu/R/x86_64-pc-linux-gnu-library/3.2,1.4.1,NA,NA,NA,NA,testthat,NA,MIT + file LICENSE,NA,NA,NA,NA,yes,3.2.3
apa,/home/ubuntu/R/x86_64-pc-linux-gnu-library/3.2,0.2.0,NA,R (>= 3.1.0),"dplyr (>= 0.4), magrittr, purrr, rmarkdown, stringr",NA,"afex (>= 0.14), ez, testthat, knitr",NA,GPL (>= 3),NA,NA,NA,NA,no,3.2.3
assertthat,/home/ubuntu/R/x86_64-pc-linux-gnu-library/3.2,0.2.0,NA,NA,tools,NA,testthat,NA,GPL-3,NA,NA,NA,NA,no,3.2.3
backports,/home/ubuntu/R/x86_64-pc-linux-gnu-library/3.2,1.1.2,NA,R (>= 3.0.0),utils,NA,NA,NA,GPL-2,NA,NA,NA,NA,yes,3.2.3
base64enc,/home/ubuntu/R/x86_64-pc-linux-gnu-library/3.2,0.1-3,NA,R (>= 2.9.0),NA,NA,NA,png,GPL-2 | GPL-3,NA,NA,NA,NA,yes,3.2.3
bayesplot,/home/ubuntu/R/x86_64-pc-linux-gnu-library/3.2,1.5.0,NA,R (>= 3.1.0),"dplyr (>= 0.7.1), ggplot2 (>= 2.2.1), reshape2, stats, utils,
rlang, ggridges",NA,"arm, gridExtra (>= 2.2.1), knitr (>= 1.16), loo (>= 1.1.0),
rmarkdown (>= 1.0.0), rstan (>= 2.14.1), rstanarm (>= 2.14.1),
rstantools (>= 1.4.0), scales, shinystan (>= 2.3.0), testthat,
vdiffr",NA,GPL (>= 3),NA,NA,NA,NA,no,3.2.3
BDgraph,/home/ubuntu/R/x86_64-pc-linux-gnu-library/3.2,2.50,NA,NA,"Matrix, igraph",NA,NA,NA,GPL (>= 2),NA,NA,NA,NA,yes,3.2.3
BH,/home/ubuntu/R/x86_64-pc-linux-gnu-library/3.2,1.66.0-1,NA,NA,NA,NA,NA,NA,BSL-1.0,NA,NA,NA,NA,no,3.2.3
bindr,/home/ubuntu/R/x86_64-pc-linux-gnu-library/3.2,0.1.1,NA,NA,NA,NA,testthat,NA,MIT + file LICENSE,NA,NA,NA,NA,no,3.2.3
bindrcpp,/home/ubuntu/R/x86_64-pc-linux-gnu-library/3.2,0.2.2,NA,NA,"bindr (>= 0.1.1), Rcpp (>= 0.12.16)","plogr, Rcpp",testthat,NA,MIT + file LICENSE,NA,NA,NA,NA,yes,3.2.3
binom,/home/ubuntu/R/x86_64-pc-linux-gnu-library/3.2,1.1-1,NA,NA,NA,NA,"lattice, polynom, tcltk, ggplot2",NA,GPL,NA,NA,NA,NA,yes,3.2.3
bitops,/home/ubuntu/R/x86_64-pc-linux-gnu-library/3.2,1.0-6,NA,NA,NA,NA,NA,NA,GPL (>= 2),NA,NA,NA,NA,yes,3.2.3
bookdown,/home/ubuntu/R/x86_64-pc-linux-gnu-library/3.2,0.7,NA,NA,"htmltools (>= 0.3.6), knitr (>= 1.16), rmarkdown (>= 1.5),
xfun, tinytex, yaml (>= 2.1.14)",NA,"htmlwidgets, rstudioapi, miniUI, rsconnect (>= 0.4.3), servr
(>= 0.3), shiny, testit (>= 0.5), tufte, webshot",NA,GPL-3,NA,NA,NA,NA,no,3.2.3
brew,/home/ubuntu/R/x86_64-pc-linux-gnu-library/3.2,1.0-6,NA,NA,NA,NA,NA,NA,GPL-2,NA,NA,NA,NA,NA,3.2.3
Brobdingnag,/home/ubuntu/R/x86_64-pc-linux-gnu-library/3.2,1.2-5,NA,"R (>= 2.13.0), methods",NA,NA,NA,NA,GPL,NA,NA,NA,NA,no,3.2.3
broom,/home/ubuntu/R/x86_64-pc-linux-gnu-library/3.2,0.4.4,NA,NA,"plyr, dplyr, tidyr, psych, stringr, reshape2, nlme, methods",NA,"knitr, boot, survival, gam, glmnet, lfe, Lahman, MASS, rgeos,
sp, maps, maptools, multcomp, testthat, lme4, zoo, lmtest, plm,
biglm, ggplot2, nnet, geepack, AUC, ergm, network,
statnet.common, xergm, btergm, binGroup, Hmisc, bbmle, gamlss,
rstan, rstanarm, brms, coda, gmm, Matrix, ks, purrr, orcutt,
mgcv, lmodel2, poLCA, mclust, covr, lsmeans, emmeans, betareg,
robust, akima, AER, muhaz, speedglm, tibble",NA,MIT + file LICENSE,NA,NA,NA,NA,no,3.2.3
callr,/home/ubuntu/R/x86_64-pc-linux-gnu-library/3.2,2.0.4,NA,NA,"processx (>= 3.1.0), R6, utils",NA,"covr, testthat, withr",NA,MIT + file LICENSE,NA,NA,NA,NA,no,3.2.3
carData,/home/ubuntu/R/x86_64-pc-linux-gnu-library/3.2,3.0-1,NA,R (>= 3.0),NA,NA,NA,NA,GPL (>= 2),NA,NA,NA,NA,no,3.2.3
caret,/home/ubuntu/R/x86_64-pc-linux-gnu-library/3.2,6.0-79,NA,"R (>= 2.10), lattice (>= 0.20), ggplot2","foreach, methods, plyr, ModelMetrics (>= 1.1.0), nlme,
reshape2, stats, stats4, utils, grDevices, recipes (>= 0.0.1),
withr (>= 2.0.0)",NA,"BradleyTerry2, e1071, earth (>= 2.2-3), fastICA, gam (>=
1.15), ipred, kernlab, knitr, klaR, MASS, ellipse, mda, mgcv,
mlbench, MLmetrics, nnet, party (>= 0.9-99992), pls, pROC,
proxy, randomForest, RANN, spls, subselect, pamr, superpc,
Cubist, testthat (>= 0.9.1)",NA,GPL (>= 2),NA,NA,NA,NA,yes,3.2.3
caTools,/home/ubuntu/R/x86_64-pc-linux-gnu-library/3.2,1.17.1,NA,R (>= 2.2.0),bitops,NA,"MASS, rpart",NA,GPL-3,NA,NA,NA,NA,yes,3.2.3
cellranger,/home/ubuntu/R/x86_64-pc-linux-gnu-library/3.2,1.1.0,NA,R (>= 3.0.0),"rematch, tibble",NA,"covr, testthat (>= 1.0.0), knitr, rmarkdown",NA,MIT + file LICENSE,NA,NA,NA,NA,no,3.2.3
checkmate,/home/ubuntu/R/x86_64-pc-linux-gnu-library/3.2,1.8.5,NA,R (>= 3.0.0),"backports (>= 1.1.0), utils",NA,"R6, bit, fastmatch, data.table (>= 1.9.8), devtools, ggplot2,
knitr, magrittr, microbenchmark, rmarkdown, testthat (>=
0.11.0), tibble",NA,BSD_3_clause + file LICENSE,NA,NA,NA,NA,yes,3.2.3
cli,/home/ubuntu/R/x86_64-pc-linux-gnu-library/3.2,1.0.0,NA,R (>= 2.10),"assertthat, crayon, methods",NA,"covr, mockery, testthat, withr",NA,MIT + file LICENSE,NA,NA,NA,NA,no,3.2.3
clipr,/home/ubuntu/R/x86_64-pc-linux-gnu-library/3.2,0.4.0,NA,NA,utils,NA,"rstudioapi (>= 0.5), testthat",NA,GPL-3,NA,NA,NA,NA,no,3.2.3
clisymbols,/home/ubuntu/R/x86_64-pc-linux-gnu-library/3.2,1.2.0,NA,NA,NA,NA,testthat,NA,MIT + file LICENSE,NA,NA,NA,NA,no,3.2.3
coda,/home/ubuntu/R/x86_64-pc-linux-gnu-library/3.2,0.19-1,NA,R (>= 2.14.0),lattice,NA,NA,NA,GPL (>= 2),NA,NA,NA,NA,no,3.2.3
coefplot,/home/ubuntu/R/x86_64-pc-linux-gnu-library/3.2,1.2.6,NA,ggplot2 (>= 2.0.0),"plyr, reshape2, useful, stats, dplyr (>= 0.6.0), dygraphs,
tibble, magrittr, purrr",NA,"testthat (>= 2.0.0), covr, glmnet, maxLik, xgboost, knitr,
rmarkdown",NA,BSD_3_clause + file LICENSE,NA,NA,NA,NA,no,3.2.3
colorspace,/home/ubuntu/R/x86_64-pc-linux-gnu-library/3.2,1.3-2,NA,"R (>= 2.13.0), methods","graphics, grDevices",NA,"datasets, stats, utils, KernSmooth, MASS, kernlab, mvtnorm,
vcd, dichromat, tcltk, shiny, shinyjs",NA,BSD_3_clause + file LICENSE,NA,NA,NA,NA,yes,3.2.3
colourpicker,/home/ubuntu/R/x86_64-pc-linux-gnu-library/3.2,1.0,NA,R (>= 3.1.0),"ggplot2, htmltools, htmlwidgets (>= 0.7), jsonlite, miniUI (>=
0.1.1), shiny (>= 0.11.1), shinyjs, utils",NA,"knitr (>= 1.7), rmarkdown, rstudioapi (>= 0.5)",NA,MIT + file LICENSE,NA,NA,NA,NA,no,3.2.3
contfrac,/home/ubuntu/R/x86_64-pc-linux-gnu-library/3.2,1.1-12,NA,NA,NA,NA,NA,NA,GPL-2,NA,NA,NA,NA,yes,3.2.3
corpcor,/home/ubuntu/R/x86_64-pc-linux-gnu-library/3.2,1.6.9,NA,R (>= 3.0.2),stats,NA,,NA,GPL (>= 3),NA,NA,NA,NA,no,3.2.3
crayon,/home/ubuntu/R/x86_64-pc-linux-gnu-library/3.2,1.3.4,NA,NA,"grDevices, methods, utils",NA,"mockery, rstudioapi, testthat, withr",NA,MIT + file LICENSE,NA,NA,NA,NA,no,3.2.3
crosstalk,/home/ubuntu/R/x86_64-pc-linux-gnu-library/3.2,1.0.0,NA,NA,"htmltools (>= 0.3.5), jsonlite, lazyeval, R6, shiny (>= 0.11),
ggplot2",NA,NA,NA,MIT + file LICENSE,NA,NA,NA,NA,no,3.2.3
curl,/home/ubuntu/R/x86_64-pc-linux-gnu-library/3.2,3.2,NA,R (>= 3.0.0),NA,NA,"spelling, testthat (>= 1.0.0), knitr, jsonlite, rmarkdown,
magrittr, httpuv, webutils",NA,MIT + file LICENSE,NA,NA,NA,NA,yes,3.2.3
CVST,/home/ubuntu/R/x86_64-pc-linux-gnu-library/3.2,0.2-1,NA,"kernlab,Matrix",NA,NA,NA,NA,GPL (>= 2.0),NA,NA,NA,NA,no,3.2.3
d3Network,/home/ubuntu/R/x86_64-pc-linux-gnu-library/3.2,0.5.2.1,NA,R (>= 3.0.0),"plyr, rjson, whisker",NA,RCurl,NA,GPL (>= 3),NA,NA,NA,NA,no,3.2.3
DAAG,/home/ubuntu/R/x86_64-pc-linux-gnu-library/3.2,1.22,NA,"R (>= 2.10.0), lattice","latticeExtra, methods",NA,"leaps, oz, lme4, quantreg, knitr, boot, rpart, randomForest,
MASS, survival",NA,GPL-3,NA,NA,NA,NA,no,3.2.3
data.table,/home/ubuntu/R/x86_64-pc-linux-gnu-library/3.2,1.11.2,NA,R (>= 3.1.0),methods,NA,"bit64, curl, knitr, xts, nanotime, zoo, reshape2, testthat
(>= 0.4)",NA,MPL-2.0 | file LICENSE,NA,NA,NA,NA,yes,3.2.3
DBI,/home/ubuntu/R/x86_64-pc-linux-gnu-library/3.2,1.0.0,NA,"R (>= 3.0.0), methods",NA,NA,"blob, covr, hms, knitr, magrittr, rprojroot, rmarkdown,
RSQLite (>= 1.1-2), testthat, xml2",NA,LGPL (>= 2),NA,NA,NA,NA,no,3.2.3
dbplyr,/home/ubuntu/R/x86_64-pc-linux-gnu-library/3.2,1.2.1,NA,R (>= 3.2),"assertthat (>= 0.2.0), DBI (>= 0.7), dplyr (>= 0.7.4), glue
(>= 1.2.0), methods, purrr (>= 0.2.4), R6 (>= 2.2.2), rlang (>=
0.1.6), tibble (>= 1.4.1), tidyselect (>= 0.2.2), utils",NA,"bit64, covr, knitr, Lahman (>= 5.0.0), nycflights13 (>=
0.2.2), rmarkdown, RMariaDB (>= 1.0.2), RMySQL (>= 0.10.11),
RPostgreSQL (>= 0.4.1), RSQLite (>= 2.0), testthat (>= 2.0.0)",NA,MIT + file LICENSE,NA,NA,NA,NA,no,3.2.3
ddalpha,/home/ubuntu/R/x86_64-pc-linux-gnu-library/3.2,1.3.3,NA,"R (>= 2.10), stats, utils, graphics, grDevices, MASS, class,
robustbase, sfsmisc, geometry",Rcpp (>= 0.11.0),"BH, Rcpp",NA,NA,GPL-2,NA,NA,NA,NA,yes,3.2.3
DEoptimR,/home/ubuntu/R/x86_64-pc-linux-gnu-library/3.2,1.0-8,NA,NA,stats,NA,NA,robustbase,GPL (>= 2),NA,NA,NA,NA,no,3.2.3
desc,/home/ubuntu/R/x86_64-pc-linux-gnu-library/3.2,1.2.0,NA,R (>= 3.1.0),"assertthat, utils, R6, crayon, rprojroot",NA,"covr, testthat, whoami, withr",NA,MIT + file LICENSE,NA,NA,NA,NA,no,3.2.3
deSolve,/home/ubuntu/R/x86_64-pc-linux-gnu-library/3.2,1.21,NA,R (>= 2.15.0),"methods, graphics, grDevices, stats",NA,scatterplot3d,NA,GPL (>= 2),NA,NA,NA,NA,yes,3.2.3
devtools,/home/ubuntu/R/x86_64-pc-linux-gnu-library/3.2,1.13.5,NA,R (>= 3.0.2),"httr (>= 0.4), utils, tools, methods, memoise (>= 1.0.0),
whisker, digest, rstudioapi (>= 0.2.0), jsonlite, stats, git2r
(>= 0.11.0), withr",NA,"curl (>= 0.9), crayon, testthat (>= 1.0.2), BiocInstaller,
Rcpp (>= 0.10.0), MASS, rmarkdown, knitr, hunspell (>= 2.0),
lintr (>= 0.2.1), bitops, roxygen2 (>= 5.0.0), evaluate,
rversions, covr, gmailr (> 0.7.0)",NA,GPL (>= 2),NA,NA,NA,NA,yes,3.2.3
DiagrammeR,/home/ubuntu/R/x86_64-pc-linux-gnu-library/3.2,1.0.0,NA,R (>= 3.2.0),"dplyr (>= 0.7.4), downloader (>= 0.4), glue (>= 1.2.0),
htmltools (>= 0.3.6), htmlwidgets (>= 1.0), igraph (>= 1.1.2),
influenceR (>= 0.1.0), magrittr (>= 1.5), purrr (>= 0.2.4),
RColorBrewer (>= 1.1-2), readr (>= 1.1.1), rlang (>= 0.2.0),
rstudioapi (>= 0.7), rgexf (>= 0.15.3), scales (>= 0.5.0),
stringr (>= 1.3.0), tibble (>= 1.4.2), tidyr (>= 0.8.0),
viridis (>= 0.5.0), visNetwork (>= 2.0.3)",NA,"covr, DiagrammeRsvg, rsvg, knitr, testthat",NA,MIT + file LICENSE,NA,NA,NA,NA,no,3.2.3
dichromat,/home/ubuntu/R/x86_64-pc-linux-gnu-library/3.2,2.0-0,NA,"R (>= 2.10), stats",NA,NA,NA,NA,GPL-2,NA,NA,NA,NA,NA,3.2.3
digest,/home/ubuntu/R/x86_64-pc-linux-gnu-library/3.2,0.6.15,NA,R (>= 2.4.1),NA,NA,"knitr, rmarkdown",NA,GPL (>= 2),NA,NA,NA,NA,yes,3.2.3
dimRed,/home/ubuntu/R/x86_64-pc-linux-gnu-library/3.2,0.1.0,NA,"R (>= 3.0.0), methods, DRR",NA,NA,"MASS, Matrix, RANN, RSpectra, Rtsne, coRanking, diffusionMap,
energy, fastICA, ggplot2, graphics, igraph, kernlab, lle, loe,
optimx, pcaPP, rgl, scales, scatterplot3d, stats, testthat,
tidyr, vegan",NA,GPL-3 | file LICENSE,NA,NA,NA,NA,yes,3.2.3
diptest,/home/ubuntu/R/x86_64-pc-linux-gnu-library/3.2,0.75-7,NA,NA,NA,NA,NA,NA,GPL (>= 2),NA,NA,NA,NA,yes,3.2.3
downloader,/home/ubuntu/R/x86_64-pc-linux-gnu-library/3.2,0.4,NA,NA,"utils, digest",NA,testthat,NA,GPL-2,NA,NA,NA,NA,no,3.2.3
dplyr,/home/ubuntu/R/x86_64-pc-linux-gnu-library/3.2,0.7.5,NA,R (>= 3.1.2),"assertthat (>= 0.2.0), bindrcpp (>= 0.2.0.9000), glue (>=
1.1.1), magrittr (>= 1.5), methods, pkgconfig (>= 2.0.1), R6
(>= 2.2.2), Rcpp (>= 0.12.15), rlang (>= 0.2.0), tibble (>=
1.3.1), tidyselect (>= 0.2.3), utils","BH (>= 1.58.0-1), bindrcpp (>= 0.2.0.9000), plogr (>=
0.1.10), Rcpp (>= 0.12.15)","bit64 (>= 0.9.7), callr, covr (>= 3.0.1), DBI (>= 0.7.14),
dbplyr (>= 1.2.0), dtplyr (>= 0.0.2), ggplot2 (>= 2.2.1), hms
(>= 0.4.1), knitr (>= 1.19), Lahman (>= 3.0-1), lubridate, mgcv
(>= 1.8.23), microbenchmark (>= 1.4.4), nycflights13 (>=
0.2.2), rmarkdown (>= 1.8), RMySQL (>= 0.10.13), RPostgreSQL
(>= 0.6.2), RSQLite (>= 2.0), testthat (>= 2.0.0), withr (>=
2.1.1)",NA,MIT + file LICENSE,NA,NA,NA,NA,yes,3.2.3
DRR,/home/ubuntu/R/x86_64-pc-linux-gnu-library/3.2,0.0.3,NA,"kernlab, CVST, Matrix","stats, methods",NA,"knitr, rmarkdown",NA,GPL-3 | file LICENSE,NA,NA,NA,NA,no,3.2.3
DT,/home/ubuntu/R/x86_64-pc-linux-gnu-library/3.2,0.4,NA,NA,"htmltools (>= 0.3.6), htmlwidgets (>= 1.0), magrittr,
crosstalk",NA,"jsonlite (>= 0.9.16), knitr (>= 1.8), rmarkdown, shiny (>=
0.12.1)",NA,GPL-3 | file LICENSE,NA,NA,NA,NA,no,3.2.3
dygraphs,/home/ubuntu/R/x86_64-pc-linux-gnu-library/3.2,1.1.1.4,NA,R (>= 3.0),"magrittr, htmlwidgets (>= 0.6), htmltools (>= 0.3.5), zoo (>=
1.7-10), xts (>= 0.9-7)",NA,testthat,"rmarkdown (>= 0.3.3), shiny (>= 0.10.2.1)",MIT + file LICENSE,NA,NA,NA,NA,no,3.2.3
effsize,/home/ubuntu/R/x86_64-pc-linux-gnu-library/3.2,0.7.1,NA,NA,NA,NA,testthat,NA,GPL-2,NA,NA,NA,NA,no,3.2.3
ellipse,/home/ubuntu/R/x86_64-pc-linux-gnu-library/3.2,0.4.1,NA,"R (>= 2.0.0),graphics,stats",NA,NA,MASS,NA,GPL (>= 2),NA,NA,NA,NA,no,3.2.3
elliptic,/home/ubuntu/R/x86_64-pc-linux-gnu-library/3.2,1.3-7,NA,R (>= 2.5.0),MASS,NA,"emulator, calibrator",NA,GPL-2,NA,NA,NA,NA,no,3.2.3
enc,/home/ubuntu/R/x86_64-pc-linux-gnu-library/3.2,0.2.0,NA,R (>= 3.1),methods,NA,"digest, pillar, readr, rlang, testthat, withr",NA,GPL-3,NA,NA,NA,NA,yes,3.2.3
estimability,/home/ubuntu/R/x86_64-pc-linux-gnu-library/3.2,1.3,NA,stats,NA,NA,NA,NA,GPL (>= 3),NA,NA,NA,NA,no,3.2.3
evaluate,/home/ubuntu/R/x86_64-pc-linux-gnu-library/3.2,0.10.1,NA,R (>= 3.0.2),"methods, stringr (>= 0.6.2)",NA,"testthat, lattice, ggplot2",NA,MIT + file LICENSE,NA,NA,NA,NA,no,3.2.3
extrafont,/home/ubuntu/R/x86_64-pc-linux-gnu-library/3.2,0.17,NA,R (>= 2.15),"extrafontdb, grDevices, utils, Rttf2pt1",NA,fontcm,NA,GPL-2,NA,NA,NA,NA,no,3.2.3
extrafontdb,/home/ubuntu/R/x86_64-pc-linux-gnu-library/3.2,1.0,NA,R (>= 2.14),NA,NA,NA,NA,GPL-2,NA,NA,NA,NA,NA,3.2.3
fdrtool,/home/ubuntu/R/x86_64-pc-linux-gnu-library/3.2,1.2.15,NA,R (>= 3.0.2),"graphics, grDevices, stats",NA,,NA,GPL (>= 3),NA,NA,NA,NA,yes,3.2.3
forcats,/home/ubuntu/R/x86_64-pc-linux-gnu-library/3.2,0.3.0,NA,R (>= 3.1),"magrittr, rlang, tibble",NA,"covr, ggplot2, testthat",NA,GPL-3,NA,NA,NA,NA,no,3.2.3
foreach,/home/ubuntu/R/x86_64-pc-linux-gnu-library/3.2,1.4.4,NA,R (>= 2.5.0),"codetools, utils, iterators",NA,randomForest,"compiler, doMC, RUnit, doParallel",Apache License (== 2.0),NA,NA,NA,NA,no,3.2.3
Formula,/home/ubuntu/R/x86_64-pc-linux-gnu-library/3.2,1.2-3,NA,"R (>= 2.0.0), stats",NA,NA,NA,NA,GPL-2 | GPL-3,NA,NA,NA,NA,no,3.2.3
gapminder,/home/ubuntu/R/x86_64-pc-linux-gnu-library/3.2,0.3.0,NA,R (>= 3.1.0),tibble,NA,"dplyr, ggplot2, testthat",NA,CC0,NA,NA,NA,NA,no,3.2.3
gclus,/home/ubuntu/R/x86_64-pc-linux-gnu-library/3.2,1.3.1,NA,"R (>= 2.10), cluster",NA,NA,NA,NA,GPL (>= 2),NA,NA,NA,NA,NA,3.2.3
gdata,/home/ubuntu/R/x86_64-pc-linux-gnu-library/3.2,2.18.0,NA,R (>= 2.3.0),"gtools, stats, methods, utils",NA,RUnit,NA,GPL-2,NA,NA,NA,NA,no,3.2.3
geometry,/home/ubuntu/R/x86_64-pc-linux-gnu-library/3.2,0.3-6,NA,"R (>= 2.5.0), magic",NA,NA,"testthat, rgl, R.matlab, tripack",NA,GPL (>= 3) + file LICENSE,NA,NA,NA,NA,yes,3.2.3
GGally,/home/ubuntu/R/x86_64-pc-linux-gnu-library/3.2,1.4.0,NA,"R (>= 3.1), ggplot2 (> 2.2.0)","grDevices, grid, gtable (>= 0.2.0), plyr (>= 1.8.3), progress,
RColorBrewer, reshape (>= 0.8.5), utils, rlang",NA,"broom (>= 0.4.0), chemometrics, geosphere (>= 1.5-1), igraph
(>= 1.0.1), intergraph (>= 2.0-2), maps (>= 3.1.0), mapproj,
network (>= 1.12.0), scagnostics, scales (>= 0.4.0), sna (>=
2.3-2), survival, packagedocs (>= 0.4.0), rmarkdown, roxygen2,
testthat, crosstalk",NA,GPL (>= 2.0),NA,NA,NA,NA,no,3.2.3
ggm,/home/ubuntu/R/x86_64-pc-linux-gnu-library/3.2,2.3,NA,igraph,NA,NA,NA,NA,GPL (>= 2),NA,NA,NA,NA,no,3.2.3
ggplot2,/home/ubuntu/R/x86_64-pc-linux-gnu-library/3.2,2.2.1,NA,R (>= 3.1),"digest, grid, gtable (>= 0.1.1), MASS, plyr (>= 1.7.1),
reshape2, scales (>= 0.4.1), stats, tibble, lazyeval",NA,"covr, ggplot2movies, hexbin, Hmisc, lattice, mapproj, maps,
maptools, mgcv, multcomp, nlme, testthat (>= 0.11.0), quantreg,
knitr, rpart, rmarkdown, svglite",sp,GPL-2 | file LICENSE,NA,NA,NA,NA,no,3.2.3
ggrepel,/home/ubuntu/R/x86_64-pc-linux-gnu-library/3.2,0.8.0,NA,"R (>= 3.0.0), ggplot2 (>= 2.2.0)","grid, Rcpp, scales (>= 0.3.0)",Rcpp,"knitr, rmarkdown, testthat, gridExtra, devtools, prettydoc",NA,GPL-3 | file LICENSE,NA,NA,NA,NA,yes,3.2.3
ggridges,/home/ubuntu/R/x86_64-pc-linux-gnu-library/3.2,0.5.0,NA,R (>= 3.2),"ggplot2 (>= 2.2.0), grid (>= 3.0.0), plyr (>= 1.8.0), scales
(>= 0.4.1), withr (>= 2.1.1)",NA,"covr, dplyr, gridExtra, ggplot2movies, DAAG, forcats, knitr,
rmarkdown, testthat, vdiffr, viridis",NA,GPL-2 | file LICENSE,NA,NA,NA,NA,no,3.2.3
ggthemes,/home/ubuntu/R/x86_64-pc-linux-gnu-library/3.2,3.5.0,NA,"R (>= 3.0.0),","assertthat, colorspace, ggplot2 (>= 2.2.0), graphics, grid,
methods, scales",NA,"spelling, dplyr, extrafont, knitr, lintr, maps, mapproj,
pander, purrr, rmarkdown, testthat, tibble, tidyr",NA,GPL-2,NA,NA,NA,NA,no,3.2.3
ggvis,/home/ubuntu/R/x86_64-pc-linux-gnu-library/3.2,0.4.3,NA,R (>= 3.0),"assertthat, jsonlite (>= 0.9.11), shiny (>= 0.11.1), magrittr,
dplyr (>= 0.4.0), lazyeval, htmltools (>= 0.2.4), methods",NA,"MASS, mgcv, lubridate, testthat (>= 0.8.1), knitr (>= 1.6),
rmarkdown",NA,GPL-2 | file LICENSE,NA,NA,NA,NA,no,3.2.3
gh,/home/ubuntu/R/x86_64-pc-linux-gnu-library/3.2,1.0.1,NA,NA,"ini, jsonlite, httr",NA,"covr, pingr, testthat",NA,MIT + file LICENSE,NA,NA,NA,NA,no,3.2.3
git2r,/home/ubuntu/R/x86_64-pc-linux-gnu-library/3.2,0.21.0,NA,"R (>= 3.1), methods","graphics, utils",NA,getPass,NA,GPL-2,NA,NA,NA,NA,yes,3.2.3
glasso,/home/ubuntu/R/x86_64-pc-linux-gnu-library/3.2,1.8,NA,NA,NA,NA,NA,NA,GPL-2,NA,NA,NA,NA,yes,3.2.3
glue,/home/ubuntu/R/x86_64-pc-linux-gnu-library/3.2,1.2.0,NA,R (>= 3.1),methods,NA,"testthat, covr, magrittr, crayon, knitr, rmarkdown, DBI,
RSQLite, R.utils, forcats, microbenchmark, rprintf, stringr,
ggplot2",NA,MIT + file LICENSE,NA,NA,NA,NA,yes,3.2.3
gower,/home/ubuntu/R/x86_64-pc-linux-gnu-library/3.2,0.1.2,NA,NA,NA,NA,"testthat, knitr, rmarkdown",NA,GPL-3,NA,NA,NA,NA,yes,3.2.3
gplots,/home/ubuntu/R/x86_64-pc-linux-gnu-library/3.2,3.0.1,NA,R (>= 3.0),"gtools, gdata, stats, caTools, KernSmooth",NA,"grid, MASS",NA,GPL-2,NA,NA,NA,NA,no,3.2.3
gridExtra,/home/ubuntu/R/x86_64-pc-linux-gnu-library/3.2,2.3,NA,NA,"gtable, grid, grDevices, graphics, utils",NA,"ggplot2, egg, lattice, knitr, testthat",NA,GPL (>= 2),NA,NA,NA,NA,no,3.2.3
gtable,/home/ubuntu/R/x86_64-pc-linux-gnu-library/3.2,0.2.0,NA,R (>= 2.14),grid,NA,"testthat, covr",NA,GPL-2,NA,NA,NA,NA,no,3.2.3
gtools,/home/ubuntu/R/x86_64-pc-linux-gnu-library/3.2,3.5.0,NA,R (>= 2.10),NA,NA,NA,NA,GPL-2,NA,NA,NA,NA,yes,3.2.3
haven,/home/ubuntu/R/x86_64-pc-linux-gnu-library/3.2,1.1.1,NA,R (>= 3.1),"forcats (>= 0.2.0), hms, Rcpp (>= 0.11.4), readr (>= 0.1.0),
tibble",Rcpp,"covr, knitr, rmarkdown, testthat",NA,MIT + file LICENSE,NA,NA,NA,NA,yes,3.2.3
highr,/home/ubuntu/R/x86_64-pc-linux-gnu-library/3.2,0.6,NA,R (>= 3.0.2),NA,NA,"knitr, testit",NA,GPL,NA,NA,NA,NA,no,3.2.3
Hmisc,/home/ubuntu/R/x86_64-pc-linux-gnu-library/3.2,4.1-1,NA,"lattice, survival (>= 2.40-1), Formula, ggplot2 (>= 2.2)","methods, latticeExtra, cluster, rpart, nnet, acepack, foreign,
gtable, grid, gridExtra, data.table, htmlTable (>= 1.11.0),
viridis, htmltools, base64enc",NA,"chron, rms, mice, tables, knitr, ff, ffbase, plotly (>=
4.5.6)",NA,GPL (>= 2),NA,NA,NA,NA,yes,3.2.3
hms,/home/ubuntu/R/x86_64-pc-linux-gnu-library/3.2,0.4.2,NA,NA,"methods, pkgconfig, rlang",NA,"crayon, lubridate, pillar (>= 1.1.0), testthat",NA,GPL-3,NA,NA,NA,NA,no,3.2.3
htmlTable,/home/ubuntu/R/x86_64-pc-linux-gnu-library/3.2,1.11.2,NA,NA,"stringr, knitr (>= 1.6), magrittr (>= 1.5), methods,
checkmate, htmlwidgets, htmltools, rstudioapi (>= 0.6)",NA,"testthat, XML, xtable, ztable, Hmisc, reshape, rmarkdown,
pander, chron, lubridate, tibble, tidyr (>= 0.7.2), dplyr (>=
0.7.4)",NA,GPL (>= 3),NA,NA,NA,NA,no,3.2.3
htmltools,/home/ubuntu/R/x86_64-pc-linux-gnu-library/3.2,0.3.6,NA,R (>= 2.14.1),"utils, digest, Rcpp",Rcpp,"markdown, testthat",knitr,GPL (>= 2),NA,NA,NA,NA,yes,3.2.3
htmlwidgets,/home/ubuntu/R/x86_64-pc-linux-gnu-library/3.2,1.2,NA,NA,"grDevices, htmltools (>= 0.3), jsonlite (>= 0.9.16), yaml",NA,knitr (>= 1.8),shiny (>= 1.0.5),MIT + file LICENSE,NA,NA,NA,NA,no,3.2.3
httpuv,/home/ubuntu/R/x86_64-pc-linux-gnu-library/3.2,1.4.3,NA,"R (>= 2.15.1), methods","Rcpp (>= 0.11.0), utils, promises, later (>= 0.7.2)","Rcpp, BH, later","testthat, callr",NA,GPL (>= 2) | file LICENSE,NA,NA,NA,NA,yes,3.2.3
httr,/home/ubuntu/R/x86_64-pc-linux-gnu-library/3.2,1.3.1,NA,R (>= 3.0.0),"jsonlite, mime, curl (>= 0.9.1), openssl (>= 0.8), R6",NA,"httpuv, jpeg, knitr, png, testthat (>= 0.8.0), readr, xml2,
rmarkdown, covr",NA,MIT + file LICENSE,NA,NA,NA,NA,no,3.2.3
huge,/home/ubuntu/R/x86_64-pc-linux-gnu-library/3.2,1.2.7,NA,"R (>= 3.0.0), Matrix, lattice, igraph, MASS","grDevices, graphics, methods, stats, utils",NA,NA,NA,GPL-2,NA,NA,NA,NA,yes,3.2.3
hypergeo,/home/ubuntu/R/x86_64-pc-linux-gnu-library/3.2,1.2-13,NA,"R (>= 3.1.0),","elliptic (>= 1.3-5), contfrac (>= 1.1-9), deSolve",NA,NA,NA,GPL-2,NA,NA,NA,NA,no,3.2.3
igraph,/home/ubuntu/R/x86_64-pc-linux-gnu-library/3.2,1.2.1,NA,methods,"graphics, grDevices, magrittr, Matrix, pkgconfig (>= 2.0.0),
stats, utils",NA,"ape, graph, igraphdata, rgl, scales, stats4, tcltk, testthat",NA,GPL (>= 2),NA,NA,NA,NA,yes,3.2.3
influenceR,/home/ubuntu/R/x86_64-pc-linux-gnu-library/3.2,0.1.0,NA,R (>= 3.2.0),"igraph (>= 1.0.1), Matrix (>= 1.1-4), methods, utils",NA,testthat,NA,GPL-2,NA,NA,NA,NA,yes,3.2.3
infuser,/home/ubuntu/R/x86_64-pc-linux-gnu-library/3.2,0.2.8,NA,NA,NA,NA,"testthat, knitr, rmarkdown, dbplyr, magrittr",NA,MIT + file LICENSE,NA,NA,NA,NA,no,3.2.3
ini,/home/ubuntu/R/x86_64-pc-linux-gnu-library/3.2,0.3.1,NA,NA,NA,NA,testthat,NA,GPL-3,NA,NA,NA,NA,no,3.2.3
inline,/home/ubuntu/R/x86_64-pc-linux-gnu-library/3.2,0.3.15,NA,R (>= 2.4.0),methods,NA,Rcpp (>= 0.11.0),NA,LGPL,NA,NA,NA,NA,no,3.2.3
ipred,/home/ubuntu/R/x86_64-pc-linux-gnu-library/3.2,0.9-6,NA,R (>= 2.10),"rpart (>= 3.1-8), MASS, survival, nnet, class, prodlim",NA,"mvtnorm, mlbench, TH.data",NA,GPL (>= 2),NA,NA,NA,NA,yes,3.2.3
iterators,/home/ubuntu/R/x86_64-pc-linux-gnu-library/3.2,1.0.9,NA,"R (>= 2.5.0), utils",NA,NA,RUnit,NA,Apache License (== 2.0),NA,NA,NA,NA,no,3.2.3
janitor,/home/ubuntu/R/x86_64-pc-linux-gnu-library/3.2,1.0.0,NA,R (>= 3.1.2),"dplyr (>= 0.7.0), tidyr (>= 0.7.0), snakecase (>= 0.9.0),
magrittr, purrr, rlang",NA,"testthat, knitr, rmarkdown",NA,MIT + file LICENSE,NA,NA,NA,NA,no,3.2.3
jpeg,/home/ubuntu/R/x86_64-pc-linux-gnu-library/3.2,0.1-8,NA,R (>= 2.9.0),NA,NA,NA,NA,GPL-2 | GPL-3,NA,NA,NA,NA,yes,3.2.3
jsonlite,/home/ubuntu/R/x86_64-pc-linux-gnu-library/3.2,1.5,NA,methods,NA,NA,"httr, curl, plyr, testthat, knitr, rmarkdown, R.rsp, sp",NA,MIT + file LICENSE,NA,NA,NA,NA,yes,3.2.3
kernlab,/home/ubuntu/R/x86_64-pc-linux-gnu-library/3.2,0.9-26,NA,R (>= 2.10),"methods, stats, grDevices, graphics",NA,NA,NA,GPL-2,NA,NA,NA,NA,yes,3.2.3
knitr,/home/ubuntu/R/x86_64-pc-linux-gnu-library/3.2,1.20,NA,R (>= 3.1.0),"evaluate (>= 0.10), highr, markdown, stringr (>= 0.6), yaml,
methods, tools",NA,"formatR, testit, digest, rgl (>= 0.95.1201), codetools,
rmarkdown, htmlwidgets (>= 0.7), webshot, tikzDevice (>= 0.10),
tinytex, xfun, reticulate (>= 1.4), JuliaCall (>= 0.11.1), png,
jpeg, xml2, httr, DBI (>= 0.4-1), showtext, tibble",NA,GPL,NA,NA,NA,NA,no,3.2.3
labeling,/home/ubuntu/R/x86_64-pc-linux-gnu-library/3.2,0.3,NA,NA,NA,NA,NA,NA,MIT + file LICENSE | Unlimited,NA,NA,NA,NA,no,3.2.3
later,/home/ubuntu/R/x86_64-pc-linux-gnu-library/3.2,0.7.2,NA,NA,"Rcpp (>= 0.12.9), rlang","Rcpp, BH","knitr, rmarkdown, testthat",NA,GPL (>= 2),NA,NA,NA,NA,yes,3.2.3
latticeExtra,/home/ubuntu/R/x86_64-pc-linux-gnu-library/3.2,0.6-28,NA,"R (>= 2.10.0), lattice, RColorBrewer","grid, stats, utils, grDevices",NA,"maps, mapproj, deldir, tripack, zoo, MASS, quantreg, mgcv",NA,GPL (>= 2),NA,NA,NA,NA,no,3.2.3
lava,/home/ubuntu/R/x86_64-pc-linux-gnu-library/3.2,1.6.1,NA,R (>= 3.0),"grDevices, graphics, methods, numDeriv, stats, survival,
SQUAREM, utils",NA,"KernSmooth, Matrix, Rgraphviz, ascii, data.table, ellipse,
fields, foreach, geepack, gof (>= 0.9), graph, igraph (>= 0.6),
lava.tobit (>= 0.4.7), lme4, mets (>= 1.1), optimx, quantreg,
rgl, testthat (>= 0.11), visNetwork, zoo",NA,GPL-3,NA,NA,NA,NA,no,3.2.3
lavaan,/home/ubuntu/R/x86_64-pc-linux-gnu-library/3.2,0.6-1,NA,R(>= 3.1.0),"methods, stats4, stats, utils, graphics, MASS, mnormt,
pbivnorm, numDeriv",NA,testthat,NA,GPL (>= 2),NA,NA,NA,NA,no,3.2.3
lazyeval,/home/ubuntu/R/x86_64-pc-linux-gnu-library/3.2,0.2.1,NA,R (>= 3.1.0),NA,NA,"knitr, rmarkdown (>= 0.2.65), testthat, covr",NA,GPL-3,NA,NA,NA,NA,yes,3.2.3
lisrelToR,/home/ubuntu/R/x86_64-pc-linux-gnu-library/3.2,0.1.4,NA,R (>= 2.15.0),NA,NA,NA,NA,GPL-2,NA,NA,NA,NA,no,3.2.3
lmtest,/home/ubuntu/R/x86_64-pc-linux-gnu-library/3.2,0.9-36,NA,"R (>= 2.10.0), stats, zoo",graphics,NA,"car, strucchange, sandwich, dynlm, stats4, survival, AER",NA,GPL-2 | GPL-3,NA,NA,NA,NA,yes,3.2.3
loo,/home/ubuntu/R/x86_64-pc-linux-gnu-library/3.2,2.0.0,NA,R (>= 3.1.2),"graphics, matrixStats (>= 0.52), parallel, stats",NA,"bayesplot (>= 1.5.0), knitr, rmarkdown, rstan, rstanarm,
rstantools, testthat",NA,GPL (>= 3),NA,NA,NA,NA,no,3.2.3
lpSolve,/home/ubuntu/R/x86_64-pc-linux-gnu-library/3.2,5.6.13,NA,NA,NA,NA,NA,NA,LGPL-2,NA,NA,NA,NA,yes,3.2.3
lsr,/home/ubuntu/R/x86_64-pc-linux-gnu-library/3.2,0.5,NA,NA,NA,NA,NA,NA,GPL-3,NA,NA,NA,NA,no,3.2.3
lubridate,/home/ubuntu/R/x86_64-pc-linux-gnu-library/3.2,1.7.4,NA,"methods, R (>= 3.0.0)","stringr, Rcpp (>= 0.12.13),","Rcpp,","testthat, knitr, covr","chron, fts, timeSeries, timeDate, tis, tseries, xts, zoo",GPL (>= 2),NA,NA,NA,NA,yes,3.2.3
magic,/home/ubuntu/R/x86_64-pc-linux-gnu-library/3.2,1.5-8,NA,"R (>= 2.10), abind",NA,NA,NA,NA,GPL-2,NA,NA,NA,NA,no,3.2.3
magrittr,/home/ubuntu/R/x86_64-pc-linux-gnu-library/3.2,1.5,NA,NA,NA,NA,"testthat, knitr",NA,MIT + file LICENSE,NA,NA,NA,NA,no,3.2.3
maptools,/home/ubuntu/R/x86_64-pc-linux-gnu-library/3.2,0.9-2,NA,"R (>= 2.10), sp (>= 1.0-11)","foreign (>= 0.8), methods, grid, lattice, stats, utils,
grDevices",NA,"rgeos (>= 0.1-8), spatstat (>= 1.18), PBSmapping, maps,
RColorBrewer, raster, polyclip, spatstat.utils","gpclib, RArcInfo",GPL (>= 2),NA,NA,NA,NA,yes,3.2.3
margins,/home/ubuntu/R/x86_64-pc-linux-gnu-library/3.2,0.3.23,NA,NA,"utils, stats, prediction (>= 0.3.6), data.table, graphics,
grDevices, MASS",NA,"methods, knitr, rmarkdown, testthat, ggplot2, gapminder,
sandwich, stargazer, lme4","AER, betareg, nnet, ordinal, survey",MIT + file LICENSE,NA,NA,NA,NA,no,3.2.3
markdown,/home/ubuntu/R/x86_64-pc-linux-gnu-library/3.2,0.8,NA,R (>= 2.11.1),"utils, mime (>= 0.3)",NA,"knitr, RCurl",NA,GPL-2,NA,NA,NA,NA,yes,3.2.3
Matrix,/home/ubuntu/R/x86_64-pc-linux-gnu-library/3.2,1.2-14,recommended,R (>= 3.2.0),"methods, graphics, grid, stats, utils, lattice",NA,"expm, MASS","MatrixModels, graph, SparseM, sfsmisc",GPL (>= 2) | file LICENCE,NA,NA,NA,NA,yes,3.2.3
matrixcalc,/home/ubuntu/R/x86_64-pc-linux-gnu-library/3.2,1.0-3,NA,R (>= 2.0.1),NA,NA,NA,NA,GPL (>= 2),NA,NA,NA,NA,NA,3.2.3
MatrixModels,/home/ubuntu/R/x86_64-pc-linux-gnu-library/3.2,0.4-1,NA,R (>= 3.0.1),"stats, methods, Matrix (>= 1.1-5)",NA,NA,NA,GPL (>= 2),NA,NA,NA,NA,no,3.2.3
matrixStats,/home/ubuntu/R/x86_64-pc-linux-gnu-library/3.2,0.53.1,NA,R (>= 2.12.0),NA,NA,"base64enc, ggplot2, knitr, microbenchmark, R.devices, R.rsp",NA,Artistic-2.0,NA,NA,NA,NA,yes,3.2.3
mclust,/home/ubuntu/R/x86_64-pc-linux-gnu-library/3.2,5.4,NA,R (>= 3.0),"stats, utils, graphics, grDevices",NA,"knitr (>= 1.12), rmarkdown (>= 0.9), mix (>= 1.0), geometry
(>= 0.3-6), MASS",NA,GPL (>= 2),NA,NA,NA,NA,yes,3.2.3
mcmc,/home/ubuntu/R/x86_64-pc-linux-gnu-library/3.2,0.9-5,NA,R (>= 3.0.2),"stats, compiler",NA,"xtable, Iso",NA,MIT + file LICENSE,NA,NA,NA,NA,yes,3.2.3
MCMCpack,/home/ubuntu/R/x86_64-pc-linux-gnu-library/3.2,1.4-3,NA,"R (>= 2.10.0), coda (>= 0.11-3), MASS, stats","graphics, grDevices, lattice, methods, utils, mcmc, quantreg",NA,NA,NA,GPL-3,NA,NA,NA,NA,yes,3.2.3
memoise,/home/ubuntu/R/x86_64-pc-linux-gnu-library/3.2,1.1.0,NA,NA,digest (>= 0.6.3),NA,"testthat, aws.s3, httr, covr",NA,MIT + file LICENSE,NA,NA,NA,NA,no,3.2.3
mgcv,/home/ubuntu/R/x86_64-pc-linux-gnu-library/3.2,1.8-23,recommended,"R (>= 2.14.0), nlme (>= 3.1-64)","methods, stats, graphics, Matrix",NA,"splines, parallel, survival, MASS",NA,GPL (>= 2),NA,NA,NA,NA,yes,3.2.3
mice,/home/ubuntu/R/x86_64-pc-linux-gnu-library/3.2,2.46.0,NA,"methods, R (>= 2.10.0), lattice","grDevices, graphics, MASS, nnet, rpart, splines, stats,
survival, utils, Rcpp",Rcpp,"AGD, CALIBERrfimpute, gamlss, lme4, mitools, nlme, pan,
randomForest, Zelig, BSDA, knitr, rmarkdown, testthat",NA,GPL-2 | GPL-3,NA,NA,NA,NA,yes,3.2.3
mime,/home/ubuntu/R/x86_64-pc-linux-gnu-library/3.2,0.5,NA,NA,tools,NA,NA,NA,GPL,NA,NA,NA,NA,yes,3.2.3
miniUI,/home/ubuntu/R/x86_64-pc-linux-gnu-library/3.2,0.1.1.1,NA,NA,"shiny (>= 0.13), htmltools (>= 0.3), utils",NA,NA,NA,GPL-3,NA,NA,NA,NA,no,3.2.3
minqa,/home/ubuntu/R/x86_64-pc-linux-gnu-library/3.2,1.2.4,NA,NA,Rcpp (>= 0.9.10),Rcpp,NA,NA,GPL-2,NA,NA,NA,NA,yes,3.2.3
mnormt,/home/ubuntu/R/x86_64-pc-linux-gnu-library/3.2,1.5-5,NA,R (>= 2.2.0),NA,NA,NA,NA,GPL-2 | GPL-3,NA,NA,NA,NA,yes,3.2.3
ModelMetrics,/home/ubuntu/R/x86_64-pc-linux-gnu-library/3.2,1.1.0,NA,R (>= 3.2.2),Rcpp,Rcpp,testthat,NA,GPL (>= 2),NA,NA,NA,NA,yes,3.2.3
modelr,/home/ubuntu/R/x86_64-pc-linux-gnu-library/3.2,0.1.2,NA,R (>= 3.1),"broom, dplyr, magrittr, purrr (>= 0.2.2), tibble, tidyr (>=
0.8.0), rlang (>= 0.2.0)",NA,"compiler, covr, ggplot2, testthat",NA,GPL-3,NA,NA,NA,NA,no,3.2.3
modeltools,/home/ubuntu/R/x86_64-pc-linux-gnu-library/3.2,0.2-21,NA,"stats, stats4",methods,NA,NA,NA,GPL-2,NA,NA,NA,NA,no,3.2.3
MuMIn,/home/ubuntu/R/x86_64-pc-linux-gnu-library/3.2,1.40.4,NA,R (>= 3.0.0),"graphics, methods, Matrix, stats, stats4",NA,"lme4 (>= 1.1.0), nlme, mgcv (>= 1.7.5), gamm4, MASS, nnet,
survival (>= 2.37.5), geepack","aod, aods3, betareg, caper, coxme, cplm, gee, glmmML,
logistf, MCMCglmm, ordinal, pscl, spdep, splm, unmarked (>=
0.12.2), geeM (>= 0.7.5)",GPL-2,NA,NA,NA,NA,no,3.2.3
munsell,/home/ubuntu/R/x86_64-pc-linux-gnu-library/3.2,0.4.3,NA,NA,"colorspace, methods",NA,"ggplot2, testthat",NA,MIT + file LICENSE,NA,NA,NA,NA,no,3.2.3
mvtnorm,/home/ubuntu/R/x86_64-pc-linux-gnu-library/3.2,1.0-7,NA,R(>= 1.9.0),"stats, methods",NA,NA,NA,GPL-2,NA,NA,NA,NA,yes,3.2.3
network,/home/ubuntu/R/x86_64-pc-linux-gnu-library/3.2,1.13.0.1,NA,"R (>= 2.10), utils",NA,NA,"sna, statnet.common, testthat",NA,GPL (>= 2),NA,NA,NA,NA,yes,3.2.3
nleqslv,/home/ubuntu/R/x86_64-pc-linux-gnu-library/3.2,3.3.2,NA,NA,NA,NA,NA,NA,GPL (>= 2),NA,NA,NA,NA,yes,3.2.3
numDeriv,/home/ubuntu/R/x86_64-pc-linux-gnu-library/3.2,2016.8-1,NA,R (>= 2.11.1),NA,NA,NA,NA,GPL-2,NA,NA,NA,NA,no,3.2.3
officer,/home/ubuntu/R/x86_64-pc-linux-gnu-library/3.2,0.3.0,NA,NA,"Rcpp (>= 0.12.12), R6,R.utils,grDevices, base64enc, zip,
digest,uuid,utils,stats, magrittr,htmltools, xml2 (>= 1.1.0)",Rcpp,"testthat, devEMF, knitr,tibble,ggplot2, rmarkdown",NA,GPL-3,NA,NA,NA,NA,yes,3.2.3
openssl,/home/ubuntu/R/x86_64-pc-linux-gnu-library/3.2,1.0.1,NA,NA,NA,NA,"testthat, digest, knitr, rmarkdown, jsonlite, jose",NA,MIT + file LICENSE,NA,NA,NA,NA,yes,3.2.3
packrat,/home/ubuntu/R/x86_64-pc-linux-gnu-library/3.2,0.4.9-2,NA,R (>= 3.0.0),"tools, utils",NA,"testthat (>= 0.7), devtools, httr, knitr, rmarkdown",BiocInstaller,GPL-2,NA,NA,NA,NA,no,3.2.3
pander,/home/ubuntu/R/x86_64-pc-linux-gnu-library/3.2,0.6.1,NA,R (>= 2.15.0),"grDevices, graphics, methods, utils, stats, digest, tools,
Rcpp",Rcpp,"grid, lattice, ggplot2 (>= 0.9.2), koRpus, futile.logger,
survival, microbenchmark, zoo, nlme, descr, MASS, knitr,
rmarkdown, tables, reshape, memisc, Epi, randomForest, tseries,
gtable, rms, forecast, data.table",NA,AGPL-3 | file LICENSE,NA,NA,NA,NA,yes,3.2.3
pbapply,/home/ubuntu/R/x86_64-pc-linux-gnu-library/3.2,1.3-4,NA,R (>= 3.2.0),parallel,NA,NA,NA,GPL-2,NA,NA,NA,NA,no,3.2.3
pbivnorm,/home/ubuntu/R/x86_64-pc-linux-gnu-library/3.2,0.6.0,NA,NA,NA,NA,NA,NA,GPL (>= 2),NA,NA,NA,NA,yes,3.2.3
pillar,/home/ubuntu/R/x86_64-pc-linux-gnu-library/3.2,1.2.2,NA,NA,"cli (>= 1.0.0), crayon (>= 1.3.4), methods, rlang (>= 0.2.0),
utf8 (>= 1.1.3)",NA,"knitr (>= 1.19), lubridate, testthat (>= 2.0.0)",NA,GPL-3,NA,NA,NA,NA,no,3.2.3
pkgconfig,/home/ubuntu/R/x86_64-pc-linux-gnu-library/3.2,2.0.1,NA,NA,utils,NA,"covr, testthat, disposables (>= 1.0.3)",NA,MIT + file LICENSE,NA,NA,NA,NA,no,3.2.3
PKI,/home/ubuntu/R/x86_64-pc-linux-gnu-library/3.2,0.1-5.1,NA,"R (>= 2.9.0), base64enc",NA,NA,NA,gmp,GPL-2 | GPL-3 | file LICENSE,NA,NA,NA,NA,yes,3.2.3
plogr,/home/ubuntu/R/x86_64-pc-linux-gnu-library/3.2,0.2.0,NA,NA,NA,NA,Rcpp,NA,MIT + file LICENSE,NA,NA,NA,NA,no,3.2.3
plotrix,/home/ubuntu/R/x86_64-pc-linux-gnu-library/3.2,3.7-1,NA,NA,"grDevices, graphics, stats, utils",NA,NA,NA,GPL (>= 2),NA,NA,NA,NA,no,3.2.3
plyr,/home/ubuntu/R/x86_64-pc-linux-gnu-library/3.2,1.8.4,NA,R (>= 3.1.0),Rcpp (>= 0.11.0),Rcpp,"abind, testthat, tcltk, foreach, doParallel, itertools,
iterators, covr",NA,MIT + file LICENSE,NA,NA,NA,NA,yes,3.2.3
png,/home/ubuntu/R/x86_64-pc-linux-gnu-library/3.2,0.1-7,NA,R (>= 2.9.0),NA,NA,NA,NA,GPL-2 | GPL-3,NA,NA,NA,NA,yes,3.2.3
prabclus,/home/ubuntu/R/x86_64-pc-linux-gnu-library/3.2,2.2-6,NA,"R (>= 2.10), MASS, mclust",NA,NA,"spdep, maptools, foreign, mvtnorm",NA,GPL,NA,NA,NA,NA,no,3.2.3
praise,/home/ubuntu/R/x86_64-pc-linux-gnu-library/3.2,1.0.0,NA,NA,NA,NA,testthat,NA,MIT + file LICENSE,NA,NA,NA,NA,no,3.2.3
prediction,/home/ubuntu/R/x86_64-pc-linux-gnu-library/3.2,0.3.6,NA,NA,"utils, stats, data.table",NA,"datasets, methods, testthat","AER, aod, betareg, bigFastlm, biglm, brglm, caret, crch,
e1071, earth, ff, ffbase, gam (>= 1.15), gee, glmnet, glmx,
kernlab, lme4, MASS, mclogit, mda, mlogit, mnlogit, MNP, nlme,
nnet, ordinal, plm, pscl, quantreg, rpart, sampleSelection,
speedglm, survey (>= 3.31-5), survival, truncreg, VGAM",MIT + file LICENSE,NA,NA,NA,NA,no,3.2.3
prettyunits,/home/ubuntu/R/x86_64-pc-linux-gnu-library/3.2,1.0.2,NA,NA,"magrittr, assertthat, methods",NA,testthat,NA,MIT + file LICENSE,NA,NA,NA,NA,no,3.2.3
processx,/home/ubuntu/R/x86_64-pc-linux-gnu-library/3.2,3.1.0,NA,NA,"assertthat, crayon, R6, utils",testthat,"covr, debugme, parallel, testthat, withr",NA,MIT + file LICENSE,NA,NA,NA,NA,yes,3.2.3
prodlim,/home/ubuntu/R/x86_64-pc-linux-gnu-library/3.2,2018.04.18,NA,R (>= 2.9.0),"Rcpp (>= 0.11.5), stats, graphics, survival, KernSmooth, lava",Rcpp,NA,NA,GPL (>= 2),NA,NA,NA,NA,yes,3.2.3
progress,/home/ubuntu/R/x86_64-pc-linux-gnu-library/3.2,1.1.2,NA,NA,"prettyunits, R6",NA,testthat,NA,MIT + file LICENSE,NA,NA,NA,NA,no,3.2.3
promises,/home/ubuntu/R/x86_64-pc-linux-gnu-library/3.2,1.0.1,NA,NA,"R6, Rcpp, later, rlang, stats, magrittr","later, Rcpp","testthat, future, knitr, rmarkdown",NA,MIT + file LICENSE,NA,NA,NA,NA,yes,3.2.3
psych,/home/ubuntu/R/x86_64-pc-linux-gnu-library/3.2,1.8.4,NA,R (>= 2.10),"
mnormt,parallel,stats,graphics,grDevices,methods,foreign,lattice,nlme",NA,"GPArotation, lavaan, sem, lme4,Rcsdp, graph, Rgraphviz",NA,GPL (>= 2),NA,NA,NA,NA,no,3.2.3
purrr,/home/ubuntu/R/x86_64-pc-linux-gnu-library/3.2,0.2.4,NA,R (>= 3.1),"magrittr (>= 1.5), rlang (>= 0.1), tibble",NA,"covr, dplyr (>= 0.4.3), knitr, rmarkdown, testthat",NA,GPL-3 | file LICENSE,NA,NA,NA,NA,yes,3.2.3
purrrlyr,/home/ubuntu/R/x86_64-pc-linux-gnu-library/3.2,0.0.2,NA,NA,"magrittr (>= 1.5), dplyr (>= 0.4.3), purrr, Rcpp, lazyeval (>=
0.2.0)","Rcpp, BH","testthat, covr",NA,GPL-3 | file LICENSE,NA,NA,NA,NA,yes,3.2.3
pwr,/home/ubuntu/R/x86_64-pc-linux-gnu-library/3.2,1.2-2,NA,NA,"stats, graphics",NA,"ggplot2, scales, knitr, rmarkdown",NA,GPL (>= 3),NA,NA,NA,NA,no,3.2.3
qap,/home/ubuntu/R/x86_64-pc-linux-gnu-library/3.2,0.1-1,NA,NA,NA,NA,testthat,NA,GPL-3,NA,NA,NA,NA,yes,3.2.3
quantreg,/home/ubuntu/R/x86_64-pc-linux-gnu-library/3.2,5.35,NA,"R (>= 2.6), stats, SparseM","methods, graphics, Matrix, MatrixModels",NA,"tripack, akima, MASS, survival, rgl, logspline, nor1mix,
Formula, zoo",NA,GPL (>= 2),NA,NA,NA,NA,yes,3.2.3
R6,/home/ubuntu/R/x86_64-pc-linux-gnu-library/3.2,2.2.2,NA,R (>= 3.0),NA,NA,"knitr, microbenchmark, pryr, testthat, ggplot2, scales",NA,MIT + file LICENSE,NA,NA,NA,NA,no,3.2.3
RColorBrewer,/home/ubuntu/R/x86_64-pc-linux-gnu-library/3.2,1.1-2,NA,R (>= 2.0.0),NA,NA,NA,NA,Apache License 2.0,NA,NA,NA,NA,no,3.2.3
Rcpp,/home/ubuntu/R/x86_64-pc-linux-gnu-library/3.2,0.12.17,NA,R (>= 3.0.0),"methods, utils",NA,"RUnit, inline, rbenchmark, knitr, rmarkdown, pinp, pkgKitten
(>= 0.1.2)",NA,GPL (>= 2),NA,NA,NA,NA,yes,3.2.3
RcppEigen,/home/ubuntu/R/x86_64-pc-linux-gnu-library/3.2,0.3.3.4.0,NA,R (>= 2.15.1),"Matrix (>= 1.1-0), Rcpp (>= 0.11.0), stats, utils",Rcpp,"inline, RUnit, pkgKitten",NA,GPL (>= 2) | file LICENSE,NA,NA,NA,NA,yes,3.2.3
RcppRoll,/home/ubuntu/R/x86_64-pc-linux-gnu-library/3.2,0.2.2,NA,R (>= 2.15.1),Rcpp,Rcpp,"zoo, microbenchmark, testthat, RcppArmadillo",NA,GPL (>= 2),NA,NA,NA,NA,yes,3.2.3
RCurl,/home/ubuntu/R/x86_64-pc-linux-gnu-library/3.2,1.95-4.10,NA,"R (>= 3.0.0), methods, bitops",NA,NA,"Rcompression, XML",NA,BSD,NA,NA,NA,NA,yes,3.2.3
readr,/home/ubuntu/R/x86_64-pc-linux-gnu-library/3.2,1.1.1,NA,R (>= 3.0.2),"Rcpp (>= 0.12.0.5), tibble, hms, R6","Rcpp, BH","curl, testthat, knitr, rmarkdown, stringi, covr",NA,GPL (>= 2) | file LICENSE,NA,NA,NA,NA,yes,3.2.3
readxl,/home/ubuntu/R/x86_64-pc-linux-gnu-library/3.2,1.1.0,NA,NA,"cellranger, Rcpp (>= 0.12.12), tibble (>= 1.1)",Rcpp,"covr, knitr, rmarkdown, rprojroot (>= 1.1), testthat",NA,GPL-3,NA,NA,NA,NA,yes,3.2.3
recipes,/home/ubuntu/R/x86_64-pc-linux-gnu-library/3.2,0.1.2,NA,"R (>= 3.1), dplyr, broom","tibble, stats, ipred, dimRed (>= 0.1.0), lubridate, timeDate,
ddalpha, purrr, rlang (>= 0.1.1), gower, RcppRoll, tidyselect
(>= 0.1.1), magrittr, Matrix",NA,"testthat, rpart, kernlab, fastICA, RANN, igraph, knitr,
caret, ggplot2, rmarkdown, covr",NA,GPL-2,NA,NA,NA,NA,no,3.2.3
registry,/home/ubuntu/R/x86_64-pc-linux-gnu-library/3.2,0.5,NA,R (>= 2.6.0),utils,NA,NA,NA,GPL-2,NA,NA,NA,NA,no,3.2.3
rematch,/home/ubuntu/R/x86_64-pc-linux-gnu-library/3.2,1.0.1,NA,NA,NA,NA,"covr, testthat",NA,MIT + file LICENSE,NA,NA,NA,NA,no,3.2.3
rematch2,/home/ubuntu/R/x86_64-pc-linux-gnu-library/3.2,2.0.1,NA,NA,tibble,NA,"covr, testthat",NA,MIT + file LICENSE,NA,NA,NA,NA,no,3.2.3
reprex,/home/ubuntu/R/x86_64-pc-linux-gnu-library/3.2,0.1.2,NA,R (>= 3.0.2),"callr, knitr, rmarkdown, tools, utils, whisker",NA,"covr, devtools, formatR, fortunes, miniUI, rstudioapi, shiny,
shinyjs, testthat",NA,MIT + file LICENSE,NA,NA,NA,NA,no,3.2.3
reshape,/home/ubuntu/R/x86_64-pc-linux-gnu-library/3.2,0.8.7,NA,R (>= 2.6.1),plyr,NA,NA,NA,MIT + file LICENSE,NA,NA,NA,NA,yes,3.2.3
reshape2,/home/ubuntu/R/x86_64-pc-linux-gnu-library/3.2,1.4.3,NA,R (>= 3.1),"plyr (>= 1.8.1), Rcpp, stringr",Rcpp,"covr, lattice, testthat (>= 0.8.0)",NA,MIT + file LICENSE,NA,NA,NA,NA,yes,3.2.3
rgexf,/home/ubuntu/R/x86_64-pc-linux-gnu-library/3.2,0.15.3,NA,"XML, Rook, igraph",NA,NA,NA,NA,GPL (>= 3),NA,NA,NA,NA,yes,3.2.3
rjson,/home/ubuntu/R/x86_64-pc-linux-gnu-library/3.2,0.2.19,NA,R (>= 3.1.0),NA,NA,NA,NA,GPL-2,NA,NA,NA,NA,yes,3.2.3
RJSONIO,/home/ubuntu/R/x86_64-pc-linux-gnu-library/3.2,1.3-0,NA,NA,methods,NA,NA,NA,BSD_3_clause + file LICENSE,NA,NA,NA,NA,yes,3.2.3
rlang,/home/ubuntu/R/x86_64-pc-linux-gnu-library/3.2,0.2.0,NA,R (>= 3.1.0),NA,NA,"crayon, knitr, methods, pillar, rmarkdown (>= 0.2.65),
testthat, covr",NA,GPL-3,NA,NA,NA,NA,yes,3.2.3
rmarkdown,/home/ubuntu/R/x86_64-pc-linux-gnu-library/3.2,1.9,NA,R (>= 3.0),"tools, utils, knitr (>= 1.14), yaml (>= 2.1.5), htmltools (>=
0.3.5), evaluate (>= 0.8), base64enc, jsonlite, rprojroot,
mime, methods, stringr (>= 1.2.0)",NA,"tinytex, shiny (>= 0.11), tufte, testthat, digest, tibble",NA,GPL-3,NA,NA,NA,NA,no,3.2.3
R.methodsS3,/home/ubuntu/R/x86_64-pc-linux-gnu-library/3.2,1.7.1,NA,R (>= 2.13.0),utils,NA,NA,NA,LGPL (>= 2.1),NA,NA,NA,NA,no,3.2.3
robustbase,/home/ubuntu/R/x86_64-pc-linux-gnu-library/3.2,0.93-0,NA,R (>= 3.0.2),"stats, graphics, utils, methods, DEoptimR",NA,"grid, MASS, lattice, boot, cluster, Matrix, robust,
fit.models, MPV, xtable, ggplot2, GGally, RColorBrewer,
reshape2, sfsmisc, catdata, doParallel, foreach, skewt",NA,GPL (>= 2),NA,NA,NA,NA,yes,3.2.3
R.oo,/home/ubuntu/R/x86_64-pc-linux-gnu-library/3.2,1.22.0,NA,"R (>= 2.13.0), R.methodsS3 (>= 1.7.1)","methods, utils",NA,tools,NA,LGPL (>= 2.1),NA,NA,NA,NA,no,3.2.3
Rook,/home/ubuntu/R/x86_64-pc-linux-gnu-library/3.2,1.1-1,NA,R (>= 2.13.0),"utils, tools, methods, brew",NA,NA,NA,GPL-2,NA,NA,NA,NA,yes,3.2.3
rpf,/home/ubuntu/R/x86_64-pc-linux-gnu-library/3.2,0.59,NA,"methods, parallel, R (>= 2.14.0)",mvtnorm,RcppEigen,"testthat, roxygen2, ggplot2, reshape2, gridExtra, numDeriv,
knitr, mirt",NA,GPL (>= 3),NA,NA,NA,NA,yes,3.2.3
rprojroot,/home/ubuntu/R/x86_64-pc-linux-gnu-library/3.2,1.3-2,NA,R (>= 3.0.0),backports,NA,"testthat, mockr, knitr, withr, rmarkdown",NA,GPL-3,NA,NA,NA,NA,no,3.2.3
rsconnect,/home/ubuntu/R/x86_64-pc-linux-gnu-library/3.2,0.8.8,NA,R (>= 3.0.0),"digest, PKI, RCurl, RJSONIO, packrat (>= 0.4.8-1), yaml (>=
2.1.5), rstudioapi (>= 0.5)",NA,"knitr, testthat, rmarkdown (>= 1.1), plumber (>= 0.3.2),
shiny, sourcetools, xtable",BiocInstaller,GPL-2,NA,NA,NA,NA,no,3.2.3
rstan,/home/ubuntu/R/x86_64-pc-linux-gnu-library/3.2,2.17.3,NA,"R (>= 3.0.2), ggplot2 (>= 2.0.0), StanHeaders (>= 2.17.2)","methods, stats4, inline, gridExtra (>= 2.0.0), Rcpp (>=
0.12.0)","Rcpp (>= 0.12.0), RcppEigen (>= 0.3.3.3.0), BH (>= 1.65),
StanHeaders (>= 2.17.2)","RUnit, RcppEigen (>= 0.3.3.3.0), BH (>= 1.65), parallel,
KernSmooth, loo (>= 1.0.0), shinystan (>= 2.2.1), bayesplot,
rstantools, rstudioapi, Matrix, knitr (>= 1.15.1)",NA,GPL (>= 3),NA,NA,NA,NA,yes,3.2.3
rstantools,/home/ubuntu/R/x86_64-pc-linux-gnu-library/3.2,1.5.0,NA,NA,"stats, utils",NA,"bayesplot (>= 1.5.0), rstan (>= 2.17.2), rstanarm (>=
2.17.4), shinystan (>= 2.4.0), loo (>= 2.0.0), testthat, covr,
knitr, devtools, roxygen2 (>= 6.0.1), rmarkdown, rstudioapi,
usethis (>= 1.3.0)",NA,GPL (>= 3),NA,NA,NA,NA,no,3.2.3
rstudioapi,/home/ubuntu/R/x86_64-pc-linux-gnu-library/3.2,0.7,NA,NA,NA,NA,"testthat, knitr, rmarkdown",NA,MIT + file LICENSE,NA,NA,NA,NA,no,3.2.3
Rttf2pt1,/home/ubuntu/R/x86_64-pc-linux-gnu-library/3.2,1.3.6,NA,R (>= 2.15),NA,NA,NA,NA,file LICENSE,yes,NA,NA,NA,yes,3.2.3
R.utils,/home/ubuntu/R/x86_64-pc-linux-gnu-library/3.2,2.6.0,NA,"R (>= 2.14.0), R.oo (>= 1.21.0)","methods, utils, tools, R.methodsS3 (>= 1.7.1)",NA,digest (>= 0.6.10),NA,LGPL (>= 2.1),NA,NA,NA,NA,no,3.2.3
rvest,/home/ubuntu/R/x86_64-pc-linux-gnu-library/3.2,0.3.2,NA,"R (>= 3.0.1), xml2","httr (>= 0.5), selectr, magrittr",NA,"testthat, knitr, png, stringi (>= 0.3.1), rmarkdown, covr",NA,GPL-3,NA,NA,NA,NA,no,3.2.3
sandwich,/home/ubuntu/R/x86_64-pc-linux-gnu-library/3.2,2.4-0,NA,R (>= 2.10.0),"stats, utils, zoo",NA,"AER, car, geepack, lattice, lmtest, MASS, multiwayvcov, pcse,
plm, pscl, scatterplot3d, stats4, strucchange, survival",NA,GPL-2 | GPL-3,NA,NA,NA,NA,no,3.2.3
scales,/home/ubuntu/R/x86_64-pc-linux-gnu-library/3.2,0.5.0,NA,R (>= 2.13),"RColorBrewer, dichromat, plyr, munsell (>= 0.2), labeling,
Rcpp, R6, viridisLite",Rcpp,"testthat (>= 0.8), bit64, covr, hms",NA,MIT + file LICENSE,NA,NA,NA,NA,yes,3.2.3
selectr,/home/ubuntu/R/x86_64-pc-linux-gnu-library/3.2,0.4-1,NA,R (>= 3.0),"methods, stringr, R6",NA,"testthat, XML, xml2",NA,BSD_3_clause + file LICENCE,NA,NA,NA,NA,no,3.2.3
semTools,/home/ubuntu/R/x86_64-pc-linux-gnu-library/3.2,0.4-14,NA,"R(>= 3.0), methods, lavaan(>= 0.5-22), utils, stats, graphics",NA,NA,"MASS, parallel, Amelia, mice, foreign, OpenMx(>= 2.0.0),
GPArotation, mnormt, boot",NA,GPL (>= 2),NA,NA,NA,NA,no,3.2.3
servr,/home/ubuntu/R/x86_64-pc-linux-gnu-library/3.2,0.9,NA,R (>= 3.0.0),"mime (>= 0.2), httpuv (>= 1.3.2), xfun, jsonlite",NA,"tools, later, knitr (>= 1.9), rmarkdown",NA,GPL,NA,NA,NA,NA,no,3.2.3
sfsmisc,/home/ubuntu/R/x86_64-pc-linux-gnu-library/3.2,1.1-2,NA,R (>= 3.2.0),"grDevices, methods, utils, stats",NA,"datasets, tcltk, cluster, lattice, MASS, Matrix, nlme, lokern","mgcv, rpart, nor1mix, polycor, sm, tikzDevice",GPL (>= 2),NA,NA,NA,NA,no,3.2.3
shiny,/home/ubuntu/R/x86_64-pc-linux-gnu-library/3.2,1.1.0,NA,"R (>= 3.0.2), methods","utils, grDevices, httpuv (>= 1.4.3), mime (>= 0.3), jsonlite
(>= 0.9.16), xtable, digest, htmltools (>= 0.3.5), R6 (>= 2.0),
sourcetools, later (>= 0.7.2), promises (>= 1.0.1), tools,
crayon, rlang",NA,"datasets, Cairo (>= 1.5-5), testthat, knitr (>= 1.6),
markdown, rmarkdown, ggplot2, magrittr",NA,GPL-3 | file LICENSE,NA,NA,NA,NA,no,3.2.3
shinyjs,/home/ubuntu/R/x86_64-pc-linux-gnu-library/3.2,1.0,NA,R (>= 3.1.0),"digest (>= 0.6.8), htmltools (>= 0.2.9), jsonlite, shiny (>=
1.0.0)",NA,"knitr (>= 1.7), rmarkdown, shinyAce, testthat (>= 0.9.1), V8
(>= 0.6)",NA,AGPL-3,NA,NA,NA,NA,no,3.2.3
shinystan,/home/ubuntu/R/x86_64-pc-linux-gnu-library/3.2,2.5.0,NA,"R (>= 3.1.0), shiny (>= 1.0.3)","bayesplot (>= 1.5.0), colourpicker, DT (>= 0.2), dygraphs (>=
1.1.1.2), ggplot2 (>= 2.1.1), gridExtra, gtools, markdown (>=
0.7.4), methods, reshape2, rsconnect (>= 0.4.2), rstan (>=
2.17.1), stats, shinyjs (>= 0.6.0), shinythemes (>= 1.0.1),
threejs (>= 0.2.1), utils, xtable, xts (>= 0.9-7)",NA,"coda, knitr (>= 1.9), rmarkdown (>= 0.8.1), rstanarm (>=
2.17.4), testthat",NA,GPL (>= 3),NA,NA,NA,NA,no,3.2.3
shinythemes,/home/ubuntu/R/x86_64-pc-linux-gnu-library/3.2,1.1.1,NA,R (>= 3.0.0),shiny (>= 0.11),NA,NA,NA,GPL-3 | file LICENSE,NA,NA,NA,NA,no,3.2.3
sna,/home/ubuntu/R/x86_64-pc-linux-gnu-library/3.2,2.4,NA,"R (>= 2.0.0), utils, statnet.common, network",NA,NA,"rgl, numDeriv, SparseM",NA,GPL (>= 2),NA,NA,NA,NA,yes,3.2.3
snakecase,/home/ubuntu/R/x86_64-pc-linux-gnu-library/3.2,0.9.1,NA,R (>= 3.1),"stringr, stringi",NA,"testthat, covr, tibble, purrrlyr, knitr, rmarkdown",NA,GPL-3,NA,NA,NA,NA,no,3.2.3
sourcetools,/home/ubuntu/R/x86_64-pc-linux-gnu-library/3.2,0.1.7,NA,R (>= 3.0.2),NA,NA,testthat,NA,MIT + file LICENSE,NA,NA,NA,NA,yes,3.2.3
sp,/home/ubuntu/R/x86_64-pc-linux-gnu-library/3.2,1.2-7,NA,"R (>= 3.0.0), methods","utils, stats, graphics, grDevices, lattice, grid",NA,"RColorBrewer, rgdal (>= 0.8-7), rgeos (>= 0.3-13), gstat,
maptools, deldir",NA,GPL (>= 2),NA,NA,NA,NA,yes,3.2.3
SparseM,/home/ubuntu/R/x86_64-pc-linux-gnu-library/3.2,1.77,NA,"R (>= 2.15), methods","graphics, stats, utils",NA,NA,NA,GPL (>= 2),NA,NA,NA,NA,yes,3.2.3
SQUAREM,/home/ubuntu/R/x86_64-pc-linux-gnu-library/3.2,2017.10-1,NA,R (>= 3.0),NA,NA,setRNG,NA,GPL (>= 2),NA,NA,NA,NA,no,3.2.3
StanHeaders,/home/ubuntu/R/x86_64-pc-linux-gnu-library/3.2,2.17.2,NA,NA,NA,NA,"RcppEigen, BH",NA,BSD_3_clause + file LICENSE,NA,NA,NA,NA,yes,3.2.3
statnet.common,/home/ubuntu/R/x86_64-pc-linux-gnu-library/3.2,4.0.0,NA,NA,"utils, methods",NA,NA,NA,GPL-3 + file LICENSE,NA,NA,NA,NA,yes,3.2.3
stringi,/home/ubuntu/R/x86_64-pc-linux-gnu-library/3.2,1.2.2,NA,R (>= 2.14),"tools, utils, stats",NA,NA,NA,file LICENSE,NA,NA,NA,NA,yes,3.2.3
stringr,/home/ubuntu/R/x86_64-pc-linux-gnu-library/3.2,1.3.1,NA,R (>= 3.1),"glue (>= 1.2.0), magrittr, stringi (>= 1.1.7)",NA,"covr, htmltools, htmlwidgets, knitr, rmarkdown, testthat",NA,GPL-2 | file LICENSE,NA,NA,NA,NA,no,3.2.3
styler,/home/ubuntu/R/x86_64-pc-linux-gnu-library/3.2,1.0.1,NA,NA,"backports, cli, enc (>= 0.2), magrittr, purrr (>= 0.2.3),
rematch2, rlang, rprojroot, tibble (>= 1.4.2), withr",NA,"data.tree, dplyr, here, knitr, mockr, rmarkdown, rstudioapi,
testthat",NA,GPL-3,NA,NA,NA,NA,no,3.2.3
survival,/home/ubuntu/R/x86_64-pc-linux-gnu-library/3.2,2.42-3,recommended,R (>= 2.13.0),"graphics, Matrix, methods, splines, stats, utils",NA,NA,NA,LGPL (>= 2),NA,NA,NA,NA,yes,3.2.3
testthat,/home/ubuntu/R/x86_64-pc-linux-gnu-library/3.2,2.0.0,NA,R (>= 3.1),"cli, crayon, digest, magrittr, methods, praise, R6 (>= 2.2.0),
rlang, withr (>= 2.0.0)",NA,"covr, devtools, knitr, rmarkdown, xml2",NA,MIT + file LICENSE,NA,NA,NA,NA,yes,3.2.3
TH.data,/home/ubuntu/R/x86_64-pc-linux-gnu-library/3.2,1.0-8,NA,"R (>= 2.10.0), survival, MASS",NA,NA,"dplyr, gdata, plyr",NA,GPL-3,NA,NA,NA,NA,no,3.2.3
threejs,/home/ubuntu/R/x86_64-pc-linux-gnu-library/3.2,0.3.1,NA,"R (>= 3.0.0), igraph (>= 1.0.0)","htmlwidgets (>= 0.3.2), base64enc, crosstalk, methods, stats",NA,maps,"knitr, shiny",MIT + file LICENSE,NA,NA,NA,NA,no,3.2.3
tibble,/home/ubuntu/R/x86_64-pc-linux-gnu-library/3.2,1.4.2,NA,R (>= 3.1.0),"cli, crayon, methods, pillar (>= 1.1.0), rlang, utils",NA,"covr, dplyr, import, knitr (>= 1.5.32), microbenchmark,
mockr, nycflights13, rmarkdown, testthat, withr",NA,MIT + file LICENSE,NA,NA,NA,NA,yes,3.2.3
tidyr,/home/ubuntu/R/x86_64-pc-linux-gnu-library/3.2,0.8.1,NA,R (>= 3.1),"dplyr (>= 0.7.0), glue, magrittr, purrr, Rcpp, rlang, stringi,
tibble, tidyselect",Rcpp,"covr, gapminder, knitr, rmarkdown, testthat",NA,MIT + file LICENSE,NA,NA,NA,NA,yes,3.2.3
tidyselect,/home/ubuntu/R/x86_64-pc-linux-gnu-library/3.2,0.2.4,NA,R (>= 3.1),"glue, purrr, rlang (>= 0.2.0), Rcpp (>= 0.12.0)","Rcpp (>= 0.12.0),","covr, dplyr, testthat",NA,GPL-3,NA,NA,NA,NA,yes,3.2.3
tidyverse,/home/ubuntu/R/x86_64-pc-linux-gnu-library/3.2,1.2.1,NA,NA,"broom (>= 0.4.2), cli (>= 1.0.0), crayon (>= 1.3.4), dplyr (>=
0.7.4), dbplyr (>= 1.1.0), forcats (>= 0.2.0), ggplot2 (>=
2.2.1), haven (>= 1.1.0), hms (>= 0.3), httr (>= 1.3.1),
jsonlite (>= 1.5), lubridate (>= 1.7.1), magrittr (>= 1.5),
modelr (>= 0.1.1), purrr (>= 0.2.4), readr (>= 1.1.1), readxl
(>= 1.0.0), reprex (>= 0.1.1), rlang (>= 0.1.4), rstudioapi (>=
0.7), rvest (>= 0.3.2), stringr (>= 1.2.0), tibble (>= 1.3.4),
tidyr (>= 0.7.2), xml2 (>= 1.1.1)",NA,"feather (>= 0.3.1), knitr (>= 1.17), rmarkdown (>= 1.7.4)",NA,GPL-3 | file LICENSE,NA,NA,NA,NA,no,3.2.3
timeDate,/home/ubuntu/R/x86_64-pc-linux-gnu-library/3.2,3043.102,NA,"R (>= 2.15.1), graphics, utils, stats, methods",NA,NA,"date, RUnit",NA,GPL (>= 2),NA,NA,NA,NA,no,3.2.3
tinytex,/home/ubuntu/R/x86_64-pc-linux-gnu-library/3.2,0.5,NA,NA,NA,NA,testit,NA,MIT + file LICENSE,NA,NA,NA,NA,no,3.2.3
trimcluster,/home/ubuntu/R/x86_64-pc-linux-gnu-library/3.2,0.1-2,NA,R (>= 1.9.0),NA,NA,fpc,NA,GPL,NA,NA,NA,NA,NA,3.2.3
TSP,/home/ubuntu/R/x86_64-pc-linux-gnu-library/3.2,1.1-6,NA,R (>= 2.14.0),"graphics, foreach, utils, methods, stats, grDevices",NA,"maps, sp, maptools, testthat",NA,GPL-3,NA,NA,NA,NA,yes,3.2.3
tufte,/home/ubuntu/R/x86_64-pc-linux-gnu-library/3.2,0.3,NA,NA,"htmltools, xfun, knitr (>= 1.18), rmarkdown",NA,NA,NA,GPL-3,NA,NA,NA,NA,no,3.2.3
useful,/home/ubuntu/R/x86_64-pc-linux-gnu-library/3.2,1.2.4,NA,ggplot2,"plyr, dplyr (>= 0.5.0), magrittr, purrr (>= 0.1.0), stats,
scales, utils, Matrix, assertthat",NA,"testthat, tibble, covr",NA,BSD_3_clause + file LICENSE,NA,NA,NA,NA,no,3.2.3
usethis,/home/ubuntu/R/x86_64-pc-linux-gnu-library/3.2,1.3.0,NA,R (>= 3.1),"backports (>= 1.1.0), clipr, clisymbols, crayon, curl (>=
2.7), desc, gh, git2r, httr, rematch2, rmarkdown, rprojroot,
rstudioapi, styler, whisker",NA,"covr, knitr, roxygen2, testthat (>= 2.0.0), withr",NA,GPL-3,NA,NA,NA,NA,no,3.2.3
utf8,/home/ubuntu/R/x86_64-pc-linux-gnu-library/3.2,1.1.3,NA,R (>= 2.10),NA,NA,"corpus, knitr, rmarkdown, testthat",NA,Apache License (== 2.0) | file LICENSE,NA,NA,NA,NA,yes,3.2.3
uuid,/home/ubuntu/R/x86_64-pc-linux-gnu-library/3.2,0.1-2,NA,R (>= 2.9.0),NA,NA,NA,NA,MIT + file LICENSE,NA,NA,NA,NA,yes,3.2.3
viridis,/home/ubuntu/R/x86_64-pc-linux-gnu-library/3.2,0.5.1,NA,"R (>= 2.10), viridisLite (>= 0.3.0)","stats, ggplot2 (>= 1.0.1), gridExtra",NA,"hexbin (>= 1.27.0), scales, MASS, knitr, dichromat,
colorspace, rasterVis, httr, mapproj, vdiffr, svglite (>=
1.2.0), testthat, covr, rmarkdown, rgdal",NA,MIT + file LICENSE,NA,NA,NA,NA,no,3.2.3
viridisLite,/home/ubuntu/R/x86_64-pc-linux-gnu-library/3.2,0.3.0,NA,R (>= 2.10),NA,NA,"hexbin (>= 1.27.0), ggplot2 (>= 1.0.1), testthat, covr",NA,MIT + file LICENSE,NA,NA,NA,NA,no,3.2.3
visNetwork,/home/ubuntu/R/x86_64-pc-linux-gnu-library/3.2,2.0.3,NA,R (>= 3.0),"htmlwidgets, htmltools, jsonlite, magrittr, utils, methods,
grDevices, stats",NA,"knitr, rmarkdown, webshot, igraph, rpart, shiny,
shinyWidgets, colourpicker, sparkline, ggraph, flashClust",NA,MIT + file LICENSE,NA,NA,NA,NA,no,3.2.3
waffle,/home/ubuntu/R/x86_64-pc-linux-gnu-library/3.2,0.7.0,NA,"R (>= 3.2.0), ggplot2 (>= 2.0.0)","RColorBrewer, grid, gridExtra, gtable, extrafont",NA,testthat,NA,GPL (>= 2),NA,NA,NA,NA,no,3.2.3
wesanderson,/home/ubuntu/R/x86_64-pc-linux-gnu-library/3.2,0.3.6,NA,R (>= 3.0),NA,NA,ggplot2,NA,MIT + file LICENSE,NA,NA,NA,NA,no,3.2.3
whisker,/home/ubuntu/R/x86_64-pc-linux-gnu-library/3.2,0.3-2,NA,NA,NA,NA,markdown,NA,GPL-3,NA,NA,NA,NA,no,3.2.3
withr,/home/ubuntu/R/x86_64-pc-linux-gnu-library/3.2,2.1.2,NA,R (>= 3.0.2),"stats, graphics, grDevices",NA,"testthat, covr, lattice, DBI, RSQLite, methods, knitr,
rmarkdown",NA,GPL (>= 2),NA,NA,NA,NA,no,3.2.3
xfun,/home/ubuntu/R/x86_64-pc-linux-gnu-library/3.2,0.1,NA,NA,NA,NA,testit,NA,MIT + file LICENSE,NA,NA,NA,NA,no,3.2.3
XML,/home/ubuntu/R/x86_64-pc-linux-gnu-library/3.2,3.98-1.11,NA,"R (>= 2.13.0), methods, utils",NA,NA,"bitops, RCurl",NA,BSD_2_clause + file LICENSE,NA,NA,NA,NA,yes,3.2.3
xml2,/home/ubuntu/R/x86_64-pc-linux-gnu-library/3.2,1.2.0,NA,R (>= 3.1.0),Rcpp,Rcpp (>= 0.12.12),"testthat, curl, covr, knitr, rmarkdown, magrittr, httr",NA,GPL (>= 2),NA,NA,NA,NA,yes,3.2.3
xtable,/home/ubuntu/R/x86_64-pc-linux-gnu-library/3.2,1.8-2,NA,R (>= 2.10.0),"stats, utils",NA,"knitr, lsmeans, spdep, splm, sphet, plm, zoo, survival",NA,GPL (>= 2),NA,NA,NA,NA,no,3.2.3
xts,/home/ubuntu/R/x86_64-pc-linux-gnu-library/3.2,0.10-2,NA,zoo (>= 1.7-12),methods,zoo,"timeSeries, timeDate, tseries, chron, fts, tis, RUnit",NA,GPL (>= 2),NA,NA,NA,NA,yes,3.2.3
yaml,/home/ubuntu/R/x86_64-pc-linux-gnu-library/3.2,2.1.19,NA,NA,NA,NA,testthat,NA,BSD_3_clause + file LICENSE,NA,NA,NA,NA,yes,3.2.3
zip,/home/ubuntu/R/x86_64-pc-linux-gnu-library/3.2,1.0.0,NA,NA,NA,NA,"covr, testthat, withr",NA,CC0,NA,NA,NA,NA,yes,3.2.3
zoo,/home/ubuntu/R/x86_64-pc-linux-gnu-library/3.2,1.8-1,NA,"R (>= 2.10.0), stats","utils, graphics, grDevices, lattice (>= 0.20-27)",NA,"coda, chron, DAAG, fts, ggplot2, mondate, scales,
strucchange, timeDate, timeSeries, tis, tseries, xts",NA,GPL-2 | GPL-3,NA,NA,NA,NA,yes,3.2.3
littler,/usr/lib/R/site-library,0.3.0,NA,NA,NA,NA,knitr,NA,GPL (>= 2),NA,NA,unix,NA,yes,3.2.2
base,/usr/lib/R/library,3.2.3,base,NA,NA,NA,methods,NA,Part of R 3.2.3,NA,NA,NA,NA,NA,3.2.3
boot,/usr/lib/R/library,1.3-17,recommended,"R (>= 3.0.0), graphics, stats",NA,NA,"MASS, survival",NA,Unlimited,NA,NA,NA,NA,no,3.2.1
class,/usr/lib/R/library,7.3-14,recommended,"R (>= 3.0.0), stats, utils",MASS,NA,NA,NA,GPL-2 | GPL-3,NA,NA,NA,NA,yes,3.2.2
cluster,/usr/lib/R/library,2.0.3,recommended,"R (>= 2.15.0), utils","graphics, grDevices, stats",NA,MASS,NA,GPL (>= 2),NA,NA,NA,NA,yes,3.2.1
codetools,/usr/lib/R/library,0.2-14,recommended,R (>= 2.1),NA,NA,NA,NA,GPL,NA,NA,NA,NA,no,3.2.1
compiler,/usr/lib/R/library,3.2.3,base,NA,NA,NA,NA,NA,Part of R 3.2.3,NA,NA,NA,NA,NA,3.2.3
datasets,/usr/lib/R/library,3.2.3,base,NA,NA,NA,NA,NA,Part of R 3.2.3,NA,NA,NA,NA,NA,3.2.3
foreign,/usr/lib/R/library,0.8-66,recommended,R (>= 3.0.0),"methods, utils, stats",NA,NA,NA,GPL (>= 2),NA,NA,NA,NA,yes,3.2.2
graphics,/usr/lib/R/library,3.2.3,base,NA,grDevices,NA,NA,NA,Part of R 3.2.3,NA,NA,NA,NA,NA,3.2.3
grDevices,/usr/lib/R/library,3.2.3,base,NA,NA,NA,KernSmooth,NA,Part of R 3.2.3,NA,NA,NA,NA,NA,3.2.3
grid,/usr/lib/R/library,3.2.3,base,NA,grDevices,NA,lattice,NA,Part of R 3.2.3,NA,NA,NA,NA,NA,3.2.3
KernSmooth,/usr/lib/R/library,2.23-15,recommended,"R (>= 2.5.0), stats",NA,NA,MASS,NA,Unlimited,NA,NA,NA,NA,yes,3.2.1
lattice,/usr/lib/R/library,0.20-33,recommended,R (>= 3.0.0),"grid, grDevices, graphics, stats, utils",NA,"KernSmooth, MASS",chron,GPL (>= 2),NA,NA,NA,NA,yes,3.2.1
MASS,/usr/lib/R/library,7.3-45,recommended,"R (>= 3.1.0), grDevices, graphics, stats, utils",methods,NA,"lattice, nlme, nnet, survival",NA,GPL-2 | GPL-3,NA,NA,NA,NA,yes,3.2.2
Matrix,/usr/lib/R/library,1.2-3,recommended,R (>= 3.0.1),"methods, graphics, grid, stats, utils, lattice",NA,"expm, MASS","MatrixModels, graph, SparseM, sfsmisc",GPL (>= 2),NA,NA,NA,NA,yes,3.2.2
methods,/usr/lib/R/library,3.2.3,base,NA,utils,NA,codetools,NA,Part of R 3.2.3,NA,NA,NA,NA,NA,3.2.3
mgcv,/usr/lib/R/library,1.8-11,recommended,"R (>= 2.14.0), nlme (>= 3.1-64)","methods, stats, graphics, Matrix",NA,"splines, parallel, survival, MASS",NA,GPL (>= 2),NA,NA,NA,NA,yes,3.2.3
nlme,/usr/lib/R/library,3.1-124,recommended,"graphics, stats, R (>= 3.0.2)","utils, lattice",NA,"Hmisc, MASS",NA,GPL (>= 2),NA,NA,NA,NA,yes,3.2.3
nnet,/usr/lib/R/library,7.3-12,recommended,"R (>= 2.14.0), stats, utils",NA,NA,MASS,NA,GPL-2 | GPL-3,NA,NA,NA,NA,yes,3.2.3
parallel,/usr/lib/R/library,3.2.3,base,NA,tools,NA,methods,"snow, nws, Rmpi",Part of R 3.2.3,NA,NA,NA,NA,NA,3.2.3
rpart,/usr/lib/R/library,4.1-10,recommended,"R (>= 2.15.0), graphics, stats, grDevices",NA,NA,survival,NA,GPL-2 | GPL-3,NA,NA,NA,NA,yes,3.2.1
spatial,/usr/lib/R/library,7.3-11,recommended,"R (>= 3.0.0), graphics, stats, utils",NA,NA,MASS,NA,GPL-2 | GPL-3,NA,NA,NA,NA,yes,3.2.2
splines,/usr/lib/R/library,3.2.3,base,NA,"graphics, stats",NA,"Matrix, methods",NA,Part of R 3.2.3,NA,NA,NA,NA,NA,3.2.3
stats,/usr/lib/R/library,3.2.3,base,NA,NA,NA,"MASS, Matrix, SuppDists, methods, stats4",NA,Part of R 3.2.3,NA,NA,NA,NA,NA,3.2.3
stats4,/usr/lib/R/library,3.2.3,base,NA,"graphics, methods, stats",NA,NA,NA,Part of R 3.2.3,NA,NA,NA,NA,NA,3.2.3
survival,/usr/lib/R/library,2.38-3,recommended,"R (>= 2.13.0), graphics, stats","splines, methods",NA,cmprsk,NA,LGPL (>= 2),NA,NA,NA,NA,yes,3.2.1
tcltk,/usr/lib/R/library,3.2.3,base,NA,utils,NA,NA,NA,Part of R 3.2.3,NA,NA,NA,NA,NA,3.2.3
tools,/usr/lib/R/library,3.2.3,base,NA,NA,NA,"XML, codetools, methods",NA,Part of R 3.2.3,NA,NA,NA,NA,NA,3.2.3
utils,/usr/lib/R/library,3.2.3,base,NA,NA,NA,methods,NA,Part of R 3.2.3,NA,NA,NA,NA,NA,3.2.3
